{
  "AclsTracker\\App.xaml.cs": 1775758542.0361898,
  "AclsTracker\\AppShell.xaml.cs": 1774921380.9093137,
  "AclsTracker\\MauiProgram.cs": 1775758530.2670765,
  "AclsTracker\\Constants\\SupabaseConfig.cs": 1774947591.0619404,
  "AclsTracker\\Controls\\AuthAvatarControl.xaml.cs": 1774921368.2147603,
  "AclsTracker\\Controls\\EventLogPanel.xaml.cs": 1774445682.069523,
  "AclsTracker\\Controls\\HsAndTsChecklist.xaml.cs": 1774444785.6988256,
  "AclsTracker\\Controls\\MetronomePulse.xaml.cs": 1775334640.610777,
  "AclsTracker\\Controls\\NotificationBanner.xaml.cs": 1775399392.8832796,
  "AclsTracker\\Controls\\RhythmSelector.xaml.cs": 1774444750.3120363,
  "AclsTracker\\Controls\\TimerCard.xaml.cs": 1774834733.368472,
  "AclsTracker\\Converters\\BoolToActiveColorConverter.cs": 1774870567.1461337,
  "AclsTracker\\Converters\\BoolToActiveTextColorConverter.cs": 1774870571.851956,
  "AclsTracker\\Converters\\BoolToColorConverter.cs": 1774332136.270725,
  "AclsTracker\\Converters\\BoolToOnOffConverter.cs": 1775758553.760346,
  "AclsTracker\\Converters\\BoolToOpacityConverter.cs": 1774687754.3420248,
  "AclsTracker\\Converters\\InvertBoolConverter.cs": 1774332136.270725,
  "AclsTracker\\Converters\\IsNotNullConverter.cs": 1774332136.270725,
  "AclsTracker\\Converters\\PauseIconConverter.cs": 1774844086.1630335,
  "AclsTracker\\Models\\CardiacRhythm.cs": 1774687182.6400352,
  "AclsTracker\\Models\\EventRecord.cs": 1774444127.5942469,
  "AclsTracker\\Models\\EventRecordEntity.cs": 1774869827.8816895,
  "AclsTracker\\Models\\EventSupabase.cs": 1775069425.0670648,
  "AclsTracker\\Models\\HsAndTsItem.cs": 1774444131.1650438,
  "AclsTracker\\Models\\Session.cs": 1774997624.038938,
  "AclsTracker\\Models\\SessionSupabase.cs": 1775069423.5349119,
  "AclsTracker\\Models\\SyncQueueItem.cs": 1775089674.3557155,
  "AclsTracker\\Models\\TimerModel.cs": 1774834693.646148,
  "AclsTracker\\Models\\TimerType.cs": 1774687188.3701093,
  "AclsTracker\\Models\\UserProfile.cs": 1774954280.3324902,
  "AclsTracker\\Platforms\\Android\\MainActivity.cs": 1774334754.5277915,
  "AclsTracker\\Platforms\\Android\\MainApplication.cs": 1774334752.9175818,
  "AclsTracker\\Platforms\\Android\\WebAuthenticationCallbackActivity.cs": 1774916993.9666696,
  "AclsTracker\\Platforms\\iOS\\AppDelegate.cs": 1774334760.5734138,
  "AclsTracker\\Platforms\\iOS\\Program.cs": 1774334761.7303128,
  "AclsTracker\\Platforms\\MacCatalyst\\AppDelegate.cs": 1774334763.1636386,
  "AclsTracker\\Platforms\\MacCatalyst\\Program.cs": 1774334763.8947165,
  "AclsTracker\\Platforms\\Windows\\App.xaml.cs": 1774334759.4701746,
  "AclsTracker\\Services\\Audio\\AudioService.cs": 1774332136.2795312,
  "AclsTracker\\Services\\Audio\\IAudioService.cs": 1774332136.2795312,
  "AclsTracker\\Services\\Audio\\IMetronomeService.cs": 1774332136.2795312,
  "AclsTracker\\Services\\Audio\\MetronomeService.cs": 1774332136.2880063,
  "AclsTracker\\Services\\Auth\\AuthService.cs": 1775758524.0096793,
  "AclsTracker\\Services\\Auth\\IAuthService.cs": 1774997651.9932103,
  "AclsTracker\\Services\\Auth\\SupabaseSessionHandler.cs": 1774916958.2842748,
  "AclsTracker\\Services\\Database\\EventRecordMapper.cs": 1774869835.3939376,
  "AclsTracker\\Services\\Database\\ISessionRepository.cs": 1775089855.3513267,
  "AclsTracker\\Services\\Database\\SessionRepository.cs": 1775089904.9577901,
  "AclsTracker\\Services\\EventLog\\EventLogService.cs": 1774444320.066787,
  "AclsTracker\\Services\\EventLog\\IEventLogService.cs": 1774444307.3593247,
  "AclsTracker\\Services\\Export\\CsvExportService.cs": 1774897358.5845912,
  "AclsTracker\\Services\\Export\\ICsvExportService.cs": 1774897325.4281104,
  "AclsTracker\\Services\\Export\\IPdfExportService.cs": 1774896347.136134,
  "AclsTracker\\Services\\Export\\PdfExportService.cs": 1775217237.215798,
  "AclsTracker\\Services\\Sync\\ISessionSyncService.cs": 1775090039.1344247,
  "AclsTracker\\Services\\Sync\\SessionSyncService.cs": 1775095456.2516873,
  "AclsTracker\\Services\\Sync\\SyncState.cs": 1775089674.3608227,
  "AclsTracker\\Services\\Timer\\ITimerService.cs": 1774332136.2880063,
  "AclsTracker\\Services\\Timer\\TimerService.cs": 1774332136.2880063,
  "AclsTracker\\ViewModels\\AuthViewModel.cs": 1775142980.3240108,
  "AclsTracker\\ViewModels\\EventRecordingViewModel.cs": 1775399685.3571968,
  "AclsTracker\\ViewModels\\HistorialViewModel.cs": 1775142830.5307515,
  "AclsTracker\\ViewModels\\MainViewModel.cs": 1774998562.1213114,
  "AclsTracker\\ViewModels\\MetronomeViewModel.cs": 1774834725.7949474,
  "AclsTracker\\ViewModels\\TimerViewModel.cs": 1775399448.5227115,
  "AclsTracker\\Views\\HistorialPage.xaml.cs": 1774880579.2062602,
  "AclsTracker\\Views\\HsAndTsPage.xaml.cs": 1774687541.7683141,
  "AclsTracker\\Views\\LoginPage.xaml.cs": 1774917582.0391126,
  "AclsTracker\\Views\\MainPage.xaml.cs": 1774843815.208219,
  "AclsTracker\\Views\\PatientDataPopup.xaml.cs": 1774870345.4142046,
  "AclsTracker\\Views\\ProfilePage.xaml.cs": 1774917650.1734107,
  "AclsTracker\\Views\\PulseCheckPage.xaml.cs": 1774835644.036809,
  "AclsTracker\\Views\\RegisterPage.xaml.cs": 1774917611.381233,
  "AclsTracker\\Views\\RhythmPopupPage.xaml.cs": 1774842457.3320532
}